timestamp,consumoEnergia
2023-01-01 00:00:00,0.495
2023-01-01 01:00:00,0.396
2023-01-01 02:00:00,0.33
2023-01-01 03:00:00,0.297
2023-01-01 04:00:00,0.264
2023-01-01 05:00:00,0.297
2023-01-01 06:00:00,0.363
2023-01-01 07:00:00,0.826
2023-01-01 08:00:00,1.486
2023-01-01 09:00:00,1.156
2023-01-01 10:00:00,0.925
2023-01-01 11:00:00,0.726
2023-01-01 12:00:00,0.594
2023-01-01 13:00:00,1.057
2023-01-01 14:00:00,0.925
2023-01-01 15:00:00,0.793
2023-01-01 16:00:00,0.726
2023-01-01 17:00:00,0.859
2023-01-01 18:00:00,1.156
2023-01-01 19:00:00,1.717
2023-01-01 20:00:00,2.146
2023-01-01 21:00:00,1.915
2023-01-01 22:00:00,1.387
2023-01-01 23:00:00,0.925
2023-01-02 00:00:00,0.426
2023-01-02 01:00:00,0.341
2023-01-02 02:00:00,0.284
2023-01-02 03:00:00,0.256
2023-01-02 04:00:00,0.227
2023-01-02 05:00:00,0.256
2023-01-02 06:00:00,0.313
2023-01-02 07:00:00,0.71
2023-01-02 08:00:00,1.279
2023-01-02 09:00:00,0.994
2023-01-02 10:00:00,0.796
2023-01-02 11:00:00,0.625
2023-01-02 12:00:00,0.511
2023-01-02 13:00:00,0.909
2023-01-02 14:00:00,0.796
2023-01-02 15:00:00,0.682
2023-01-02 16:00:00,0.625
2023-01-02 17:00:00,0.739
2023-01-02 18:00:00,0.994
2023-01-02 19:00:00,1.477
2023-01-02 20:00:00,1.847
2023-01-02 21:00:00,1.648
2023-01-02 22:00:00,1.193
2023-01-02 23:00:00,0.796
2023-01-03 00:00:00,0.416
2023-01-03 01:00:00,0.333
2023-01-03 02:00:00,0.277
2023-01-03 03:00:00,0.25
2023-01-03 04:00:00,0.222
2023-01-03 05:00:00,0.25
2023-01-03 06:00:00,0.305
2023-01-03 07:00:00,0.694
2023-01-03 08:00:00,1.249
2023-01-03 09:00:00,0.971
2023-01-03 10:00:00,0.777
2023-01-03 11:00:00,0.61
2023-01-03 12:00:00,0.499
2023-01-03 13:00:00,0.888
2023-01-03 14:00:00,0.777
2023-01-03 15:00:00,0.666
2023-01-03 16:00:00,0.61
2023-01-03 17:00:00,0.721
2023-01-03 18:00:00,0.971
2023-01-03 19:00:00,1.443
2023-01-03 20:00:00,1.804
2023-01-03 21:00:00,1.609
2023-01-03 22:00:00,1.165
2023-01-03 23:00:00,0.777
2023-01-04 00:00:00,0.489
2023-01-04 01:00:00,0.391
2023-01-04 02:00:00,0.326
2023-01-04 03:00:00,0.293
2023-01-04 04:00:00,0.261
2023-01-04 05:00:00,0.293
2023-01-04 06:00:00,0.358
2023-01-04 07:00:00,0.814
2023-01-04 08:00:00,1.466
2023-01-04 09:00:00,1.14
2023-01-04 10:00:00,0.912
2023-01-04 11:00:00,0.717
2023-01-04 12:00:00,0.586
2023-01-04 13:00:00,1.042
2023-01-04 14:00:00,0.912
2023-01-04 15:00:00,0.782
2023-01-04 16:00:00,0.717
2023-01-04 17:00:00,0.847
2023-01-04 18:00:00,1.14
2023-01-04 19:00:00,1.694
2023-01-04 20:00:00,2.117
2023-01-04 21:00:00,1.889
2023-01-04 22:00:00,1.368
2023-01-04 23:00:00,0.912
2023-01-05 00:00:00,0.456
2023-01-05 01:00:00,0.365
2023-01-05 02:00:00,0.304
2023-01-05 03:00:00,0.273
2023-01-05 04:00:00,0.243
2023-01-05 05:00:00,0.273
2023-01-05 06:00:00,0.334
2023-01-05 07:00:00,0.76
2023-01-05 08:00:00,1.367
2023-01-05 09:00:00,1.063
2023-01-05 10:00:00,0.851
2023-01-05 11:00:00,0.668
2023-01-05 12:00:00,0.547
2023-01-05 13:00:00,0.972
2023-01-05 14:00:00,0.851
2023-01-05 15:00:00,0.729
2023-01-05 16:00:00,0.668
2023-01-05 17:00:00,0.79
2023-01-05 18:00:00,1.063
2023-01-05 19:00:00,1.58
2023-01-05 20:00:00,1.975
2023-01-05 21:00:00,1.762
2023-01-05 22:00:00,1.276
2023-01-05 23:00:00,0.851
2023-01-06 00:00:00,0.499
2023-01-06 01:00:00,0.4
2023-01-06 02:00:00,0.333
2023-01-06 03:00:00,0.3
2023-01-06 04:00:00,0.266
2023-01-06 05:00:00,0.3
2023-01-06 06:00:00,0.366
2023-01-06 07:00:00,0.832
2023-01-06 08:00:00,1.498
2023-01-06 09:00:00,1.165
2023-01-06 10:00:00,0.932
2023-01-06 11:00:00,0.732
2023-01-06 12:00:00,0.599
2023-01-06 13:00:00,1.065
2023-01-06 14:00:00,0.932
2023-01-06 15:00:00,0.799
2023-01-06 16:00:00,0.732
2023-01-06 17:00:00,0.866
2023-01-06 18:00:00,1.165
2023-01-06 19:00:00,1.731
2023-01-06 20:00:00,2.164
2023-01-06 21:00:00,1.931
2023-01-06 22:00:00,1.398
2023-01-06 23:00:00,0.932
2023-01-07 00:00:00,0.488
2023-01-07 01:00:00,0.391
2023-01-07 02:00:00,0.325
2023-01-07 03:00:00,0.293
2023-01-07 04:00:00,0.26
2023-01-07 05:00:00,0.293
2023-01-07 06:00:00,0.358
2023-01-07 07:00:00,0.814
2023-01-07 08:00:00,1.465
2023-01-07 09:00:00,1.139
2023-01-07 10:00:00,0.911
2023-01-07 11:00:00,0.716
2023-01-07 12:00:00,0.586
2023-01-07 13:00:00,1.042
2023-01-07 14:00:00,0.911
2023-01-07 15:00:00,0.781
2023-01-07 16:00:00,0.716
2023-01-07 17:00:00,0.846
2023-01-07 18:00:00,1.139
2023-01-07 19:00:00,1.692
2023-01-07 20:00:00,2.116
2023-01-07 21:00:00,1.888
2023-01-07 22:00:00,1.367
2023-01-07 23:00:00,0.911
2023-01-08 00:00:00,0.463
2023-01-08 01:00:00,0.37
2023-01-08 02:00:00,0.309
2023-01-08 03:00:00,0.278
2023-01-08 04:00:00,0.247
2023-01-08 05:00:00,0.278
2023-01-08 06:00:00,0.339
2023-01-08 07:00:00,0.771
2023-01-08 08:00:00,1.388
2023-01-08 09:00:00,1.08
2023-01-08 10:00:00,0.864
2023-01-08 11:00:00,0.679
2023-01-08 12:00:00,0.555
2023-01-08 13:00:00,0.987
2023-01-08 14:00:00,0.864
2023-01-08 15:00:00,0.74
2023-01-08 16:00:00,0.679
2023-01-08 17:00:00,0.802
2023-01-08 18:00:00,1.08
2023-01-08 19:00:00,1.604
2023-01-08 20:00:00,2.005
2023-01-08 21:00:00,1.789
2023-01-08 22:00:00,1.296
2023-01-08 23:00:00,0.864
2023-01-09 00:00:00,0.427
2023-01-09 01:00:00,0.341
2023-01-09 02:00:00,0.284
2023-01-09 03:00:00,0.256
2023-01-09 04:00:00,0.228
2023-01-09 05:00:00,0.256
2023-01-09 06:00:00,0.313
2023-01-09 07:00:00,0.711
2023-01-09 08:00:00,1.28
2023-01-09 09:00:00,0.996
2023-01-09 10:00:00,0.796
2023-01-09 11:00:00,0.626
2023-01-09 12:00:00,0.512
2023-01-09 13:00:00,0.91
2023-01-09 14:00:00,0.796
2023-01-09 15:00:00,0.683
2023-01-09 16:00:00,0.626
2023-01-09 17:00:00,0.74
2023-01-09 18:00:00,0.996
2023-01-09 19:00:00,1.479
2023-01-09 20:00:00,1.849
2023-01-09 21:00:00,1.65
2023-01-09 22:00:00,1.195
2023-01-09 23:00:00,0.796
2023-01-10 00:00:00,0.396
2023-01-10 01:00:00,0.316
2023-01-10 02:00:00,0.264
2023-01-10 03:00:00,0.237
2023-01-10 04:00:00,0.211
2023-01-10 05:00:00,0.237
2023-01-10 06:00:00,0.29
2023-01-10 07:00:00,0.659
2023-01-10 08:00:00,1.187
2023-01-10 09:00:00,0.923
2023-01-10 10:00:00,0.738
2023-01-10 11:00:00,0.58
2023-01-10 12:00:00,0.475
2023-01-10 13:00:00,0.844
2023-01-10 14:00:00,0.738
2023-01-10 15:00:00,0.633
2023-01-10 16:00:00,0.58
2023-01-10 17:00:00,0.686
2023-01-10 18:00:00,0.923
2023-01-10 19:00:00,1.371
2023-01-10 20:00:00,1.714
2023-01-10 21:00:00,1.529
2023-01-10 22:00:00,1.107
2023-01-10 23:00:00,0.738
2023-01-11 00:00:00,0.445
2023-01-11 01:00:00,0.356
2023-01-11 02:00:00,0.297
2023-01-11 03:00:00,0.267
2023-01-11 04:00:00,0.238
2023-01-11 05:00:00,0.267
2023-01-11 06:00:00,0.327
2023-01-11 07:00:00,0.742
2023-01-11 08:00:00,1.336
2023-01-11 09:00:00,1.039
2023-01-11 10:00:00,0.831
2023-01-11 11:00:00,0.653
2023-01-11 12:00:00,0.534
2023-01-11 13:00:00,0.95
2023-01-11 14:00:00,0.831
2023-01-11 15:00:00,0.713
2023-01-11 16:00:00,0.653
2023-01-11 17:00:00,0.772
2023-01-11 18:00:00,1.039
2023-01-11 19:00:00,1.544
2023-01-11 20:00:00,1.93
2023-01-11 21:00:00,1.722
2023-01-11 22:00:00,1.247
2023-01-11 23:00:00,0.831
2023-01-12 00:00:00,0.506
2023-01-12 01:00:00,0.405
2023-01-12 02:00:00,0.337
2023-01-12 03:00:00,0.304
2023-01-12 04:00:00,0.27
2023-01-12 05:00:00,0.304
2023-01-12 06:00:00,0.371
2023-01-12 07:00:00,0.843
2023-01-12 08:00:00,1.518
2023-01-12 09:00:00,1.181
2023-01-12 10:00:00,0.945
2023-01-12 11:00:00,0.742
2023-01-12 12:00:00,0.607
2023-01-12 13:00:00,1.08
2023-01-12 14:00:00,0.945
2023-01-12 15:00:00,0.81
2023-01-12 16:00:00,0.742
2023-01-12 17:00:00,0.877
2023-01-12 18:00:00,1.181
2023-01-12 19:00:00,1.754
2023-01-12 20:00:00,2.193
2023-01-12 21:00:00,1.957
2023-01-12 22:00:00,1.417
2023-01-12 23:00:00,0.945
2023-01-13 00:00:00,0.476
2023-01-13 01:00:00,0.381
2023-01-13 02:00:00,0.317
2023-01-13 03:00:00,0.286
2023-01-13 04:00:00,0.254
2023-01-13 05:00:00,0.286
2023-01-13 06:00:00,0.349
2023-01-13 07:00:00,0.794
2023-01-13 08:00:00,1.428
2023-01-13 09:00:00,1.111
2023-01-13 10:00:00,0.889
2023-01-13 11:00:00,0.698
2023-01-13 12:00:00,0.571
2023-01-13 13:00:00,1.016
2023-01-13 14:00:00,0.889
2023-01-13 15:00:00,0.762
2023-01-13 16:00:00,0.698
2023-01-13 17:00:00,0.825
2023-01-13 18:00:00,1.111
2023-01-13 19:00:00,1.651
2023-01-13 20:00:00,2.063
2023-01-13 21:00:00,1.841
2023-01-13 22:00:00,1.333
2023-01-13 23:00:00,0.889
2023-01-14 00:00:00,0.408
2023-01-14 01:00:00,0.326
2023-01-14 02:00:00,0.272
2023-01-14 03:00:00,0.245
2023-01-14 04:00:00,0.218
2023-01-14 05:00:00,0.245
2023-01-14 06:00:00,0.299
2023-01-14 07:00:00,0.68
2023-01-14 08:00:00,1.224
2023-01-14 09:00:00,0.952
2023-01-14 10:00:00,0.762
2023-01-14 11:00:00,0.599
2023-01-14 12:00:00,0.49
2023-01-14 13:00:00,0.871
2023-01-14 14:00:00,0.762
2023-01-14 15:00:00,0.653
2023-01-14 16:00:00,0.599
2023-01-14 17:00:00,0.707
2023-01-14 18:00:00,0.952
2023-01-14 19:00:00,1.415
2023-01-14 20:00:00,1.768
2023-01-14 21:00:00,1.578
2023-01-14 22:00:00,1.143
2023-01-14 23:00:00,0.762
2023-01-15 00:00:00,0.474
2023-01-15 01:00:00,0.379
2023-01-15 02:00:00,0.316
2023-01-15 03:00:00,0.285
2023-01-15 04:00:00,0.253
2023-01-15 05:00:00,0.285
2023-01-15 06:00:00,0.348
2023-01-15 07:00:00,0.79
2023-01-15 08:00:00,1.423
2023-01-15 09:00:00,1.107
2023-01-15 10:00:00,0.885
2023-01-15 11:00:00,0.696
2023-01-15 12:00:00,0.569
2023-01-15 13:00:00,1.012
2023-01-15 14:00:00,0.885
2023-01-15 15:00:00,0.759
2023-01-15 16:00:00,0.696
2023-01-15 17:00:00,0.822
2023-01-15 18:00:00,1.107
2023-01-15 19:00:00,1.644
2023-01-15 20:00:00,2.055
2023-01-15 21:00:00,1.834
2023-01-15 22:00:00,1.328
2023-01-15 23:00:00,0.885
2023-01-16 00:00:00,0.484
2023-01-16 01:00:00,0.387
2023-01-16 02:00:00,0.323
2023-01-16 03:00:00,0.29
2023-01-16 04:00:00,0.258
2023-01-16 05:00:00,0.29
2023-01-16 06:00:00,0.355
2023-01-16 07:00:00,0.807
2023-01-16 08:00:00,1.452
2023-01-16 09:00:00,1.13
2023-01-16 10:00:00,0.904
2023-01-16 11:00:00,0.71
2023-01-16 12:00:00,0.581
2023-01-16 13:00:00,1.033
2023-01-16 14:00:00,0.904
2023-01-16 15:00:00,0.775
2023-01-16 16:00:00,0.71
2023-01-16 17:00:00,0.839
2023-01-16 18:00:00,1.13
2023-01-16 19:00:00,1.678
2023-01-16 20:00:00,2.098
2023-01-16 21:00:00,1.872
2023-01-16 22:00:00,1.356
2023-01-16 23:00:00,0.904
2023-01-17 00:00:00,0.425
2023-01-17 01:00:00,0.34
2023-01-17 02:00:00,0.283
2023-01-17 03:00:00,0.255
2023-01-17 04:00:00,0.227
2023-01-17 05:00:00,0.255
2023-01-17 06:00:00,0.312
2023-01-17 07:00:00,0.708
2023-01-17 08:00:00,1.275
2023-01-17 09:00:00,0.992
2023-01-17 10:00:00,0.793
2023-01-17 11:00:00,0.623
2023-01-17 12:00:00,0.51
2023-01-17 13:00:00,0.907
2023-01-17 14:00:00,0.793
2023-01-17 15:00:00,0.68
2023-01-17 16:00:00,0.623
2023-01-17 17:00:00,0.737
2023-01-17 18:00:00,0.992
2023-01-17 19:00:00,1.473
2023-01-17 20:00:00,1.841
2023-01-17 21:00:00,1.643
2023-01-17 22:00:00,1.19
2023-01-17 23:00:00,0.793
2023-01-18 00:00:00,0.473
2023-01-18 01:00:00,0.379
2023-01-18 02:00:00,0.316
2023-01-18 03:00:00,0.284
2023-01-18 04:00:00,0.252
2023-01-18 05:00:00,0.284
2023-01-18 06:00:00,0.347
2023-01-18 07:00:00,0.789
2023-01-18 08:00:00,1.42
2023-01-18 09:00:00,1.104
2023-01-18 10:00:00,0.884
2023-01-18 11:00:00,0.694
2023-01-18 12:00:00,0.568
2023-01-18 13:00:00,1.01
2023-01-18 14:00:00,0.884
2023-01-18 15:00:00,0.757
2023-01-18 16:00:00,0.694
2023-01-18 17:00:00,0.82
2023-01-18 18:00:00,1.104
2023-01-18 19:00:00,1.641
2023-01-18 20:00:00,2.051
2023-01-18 21:00:00,1.83
2023-01-18 22:00:00,1.325
2023-01-18 23:00:00,0.884
2023-01-19 00:00:00,0.469
2023-01-19 01:00:00,0.375
2023-01-19 02:00:00,0.313
2023-01-19 03:00:00,0.281
2023-01-19 04:00:00,0.25
2023-01-19 05:00:00,0.281
2023-01-19 06:00:00,0.344
2023-01-19 07:00:00,0.781
2023-01-19 08:00:00,1.407
2023-01-19 09:00:00,1.094
2023-01-19 10:00:00,0.875
2023-01-19 11:00:00,0.688
2023-01-19 12:00:00,0.563
2023-01-19 13:00:00,1.0
2023-01-19 14:00:00,0.875
2023-01-19 15:00:00,0.75
2023-01-19 16:00:00,0.688
2023-01-19 17:00:00,0.813
2023-01-19 18:00:00,1.094
2023-01-19 19:00:00,1.625
2023-01-19 20:00:00,2.032
2023-01-19 21:00:00,1.813
2023-01-19 22:00:00,1.313
2023-01-19 23:00:00,0.875
2023-01-20 00:00:00,0.413
2023-01-20 01:00:00,0.33
2023-01-20 02:00:00,0.275
2023-01-20 03:00:00,0.248
2023-01-20 04:00:00,0.22
2023-01-20 05:00:00,0.248
2023-01-20 06:00:00,0.303
2023-01-20 07:00:00,0.688
2023-01-20 08:00:00,1.239
2023-01-20 09:00:00,0.963
2023-01-20 10:00:00,0.771
2023-01-20 11:00:00,0.606
2023-01-20 12:00:00,0.495
2023-01-20 13:00:00,0.881
2023-01-20 14:00:00,0.771
2023-01-20 15:00:00,0.661
2023-01-20 16:00:00,0.606
2023-01-20 17:00:00,0.716
2023-01-20 18:00:00,0.963
2023-01-20 19:00:00,1.431
2023-01-20 20:00:00,1.789
2023-01-20 21:00:00,1.596
2023-01-20 22:00:00,1.156
2023-01-20 23:00:00,0.771
2023-01-21 00:00:00,0.483
2023-01-21 01:00:00,0.386
2023-01-21 02:00:00,0.322
2023-01-21 03:00:00,0.29
2023-01-21 04:00:00,0.258
2023-01-21 05:00:00,0.29
2023-01-21 06:00:00,0.354
2023-01-21 07:00:00,0.805
2023-01-21 08:00:00,1.448
2023-01-21 09:00:00,1.127
2023-01-21 10:00:00,0.901
2023-01-21 11:00:00,0.708
2023-01-21 12:00:00,0.579
2023-01-21 13:00:00,1.03
2023-01-21 14:00:00,0.901
2023-01-21 15:00:00,0.773
2023-01-21 16:00:00,0.708
2023-01-21 17:00:00,0.837
2023-01-21 18:00:00,1.127
2023-01-21 19:00:00,1.674
2023-01-21 20:00:00,2.092
2023-01-21 21:00:00,1.867
2023-01-21 22:00:00,1.352
2023-01-21 23:00:00,0.901
2023-01-22 00:00:00,0.492
2023-01-22 01:00:00,0.394
2023-01-22 02:00:00,0.328
2023-01-22 03:00:00,0.295
2023-01-22 04:00:00,0.263
2023-01-22 05:00:00,0.295
2023-01-22 06:00:00,0.361
2023-01-22 07:00:00,0.82
2023-01-22 08:00:00,1.477
2023-01-22 09:00:00,1.149
2023-01-22 10:00:00,0.919
2023-01-22 11:00:00,0.722
2023-01-22 12:00:00,0.591
2023-01-22 13:00:00,1.05
2023-01-22 14:00:00,0.919
2023-01-22 15:00:00,0.788
2023-01-22 16:00:00,0.722
2023-01-22 17:00:00,0.853
2023-01-22 18:00:00,1.149
2023-01-22 19:00:00,1.707
2023-01-22 20:00:00,2.133
2023-01-22 21:00:00,1.904
2023-01-22 22:00:00,1.378
2023-01-22 23:00:00,0.919
2023-01-23 00:00:00,0.517
2023-01-23 01:00:00,0.413
2023-01-23 02:00:00,0.344
2023-01-23 03:00:00,0.31
2023-01-23 04:00:00,0.276
2023-01-23 05:00:00,0.31
2023-01-23 06:00:00,0.379
2023-01-23 07:00:00,0.861
2023-01-23 08:00:00,1.55
2023-01-23 09:00:00,1.205
2023-01-23 10:00:00,0.964
2023-01-23 11:00:00,0.758
2023-01-23 12:00:00,0.62
2023-01-23 13:00:00,1.102
2023-01-23 14:00:00,0.964
2023-01-23 15:00:00,0.827
2023-01-23 16:00:00,0.758
2023-01-23 17:00:00,0.896
2023-01-23 18:00:00,1.205
2023-01-23 19:00:00,1.791
2023-01-23 20:00:00,2.239
2023-01-23 21:00:00,1.998
2023-01-23 22:00:00,1.447
2023-01-23 23:00:00,0.964
2023-01-24 00:00:00,0.515
2023-01-24 01:00:00,0.412
2023-01-24 02:00:00,0.344
2023-01-24 03:00:00,0.309
2023-01-24 04:00:00,0.275
2023-01-24 05:00:00,0.309
2023-01-24 06:00:00,0.378
2023-01-24 07:00:00,0.859
2023-01-24 08:00:00,1.546
2023-01-24 09:00:00,1.202
2023-01-24 10:00:00,0.962
2023-01-24 11:00:00,0.756
2023-01-24 12:00:00,0.618
2023-01-24 13:00:00,1.099
2023-01-24 14:00:00,0.962
2023-01-24 15:00:00,0.824
2023-01-24 16:00:00,0.756
2023-01-24 17:00:00,0.893
2023-01-24 18:00:00,1.202
2023-01-24 19:00:00,1.786
2023-01-24 20:00:00,2.233
2023-01-24 21:00:00,1.992
2023-01-24 22:00:00,1.443
2023-01-24 23:00:00,0.962
2023-01-25 00:00:00,0.402
2023-01-25 01:00:00,0.322
2023-01-25 02:00:00,0.268
2023-01-25 03:00:00,0.241
2023-01-25 04:00:00,0.214
2023-01-25 05:00:00,0.241
2023-01-25 06:00:00,0.295
2023-01-25 07:00:00,0.67
2023-01-25 08:00:00,1.206
2023-01-25 09:00:00,0.938
2023-01-25 10:00:00,0.75
2023-01-25 11:00:00,0.589
2023-01-25 12:00:00,0.482
2023-01-25 13:00:00,0.857
2023-01-25 14:00:00,0.75
2023-01-25 15:00:00,0.643
2023-01-25 16:00:00,0.589
2023-01-25 17:00:00,0.697
2023-01-25 18:00:00,0.938
2023-01-25 19:00:00,1.393
2023-01-25 20:00:00,1.742
2023-01-25 21:00:00,1.554
2023-01-25 22:00:00,1.125
2023-01-25 23:00:00,0.75
2023-01-26 00:00:00,0.422
2023-01-26 01:00:00,0.338
2023-01-26 02:00:00,0.282
2023-01-26 03:00:00,0.253
2023-01-26 04:00:00,0.225
2023-01-26 05:00:00,0.253
2023-01-26 06:00:00,0.31
2023-01-26 07:00:00,0.704
2023-01-26 08:00:00,1.267
2023-01-26 09:00:00,0.986
2023-01-26 10:00:00,0.789
2023-01-26 11:00:00,0.62
2023-01-26 12:00:00,0.507
2023-01-26 13:00:00,0.901
2023-01-26 14:00:00,0.789
2023-01-26 15:00:00,0.676
2023-01-26 16:00:00,0.62
2023-01-26 17:00:00,0.732
2023-01-26 18:00:00,0.986
2023-01-26 19:00:00,1.464
2023-01-26 20:00:00,1.831
2023-01-26 21:00:00,1.633
2023-01-26 22:00:00,1.183
2023-01-26 23:00:00,0.789
2023-01-27 00:00:00,0.49
2023-01-27 01:00:00,0.392
2023-01-27 02:00:00,0.327
2023-01-27 03:00:00,0.294
2023-01-27 04:00:00,0.261
2023-01-27 05:00:00,0.294
2023-01-27 06:00:00,0.359
2023-01-27 07:00:00,0.817
2023-01-27 08:00:00,1.47
2023-01-27 09:00:00,1.144
2023-01-27 10:00:00,0.915
2023-01-27 11:00:00,0.719
2023-01-27 12:00:00,0.588
2023-01-27 13:00:00,1.046
2023-01-27 14:00:00,0.915
2023-01-27 15:00:00,0.784
2023-01-27 16:00:00,0.719
2023-01-27 17:00:00,0.85
2023-01-27 18:00:00,1.144
2023-01-27 19:00:00,1.699
2023-01-27 20:00:00,2.124
2023-01-27 21:00:00,1.895
2023-01-27 22:00:00,1.372
2023-01-27 23:00:00,0.915
2023-01-28 00:00:00,0.49
2023-01-28 01:00:00,0.392
2023-01-28 02:00:00,0.327
2023-01-28 03:00:00,0.294
2023-01-28 04:00:00,0.261
2023-01-28 05:00:00,0.294
2023-01-28 06:00:00,0.359
2023-01-28 07:00:00,0.817
2023-01-28 08:00:00,1.47
2023-01-28 09:00:00,1.144
2023-01-28 10:00:00,0.915
2023-01-28 11:00:00,0.719
2023-01-28 12:00:00,0.588
2023-01-28 13:00:00,1.046
2023-01-28 14:00:00,0.915
2023-01-28 15:00:00,0.784
2023-01-28 16:00:00,0.719
2023-01-28 17:00:00,0.85
2023-01-28 18:00:00,1.144
2023-01-28 19:00:00,1.699
2023-01-28 20:00:00,2.124
2023-01-28 21:00:00,1.895
2023-01-28 22:00:00,1.372
2023-01-28 23:00:00,0.915
2023-01-29 00:00:00,0.49
2023-01-29 01:00:00,0.392
2023-01-29 02:00:00,0.327
2023-01-29 03:00:00,0.294
2023-01-29 04:00:00,0.261
2023-01-29 05:00:00,0.294
2023-01-29 06:00:00,0.359
2023-01-29 07:00:00,0.817
2023-01-29 08:00:00,1.47
2023-01-29 09:00:00,1.144
2023-01-29 10:00:00,0.915
2023-01-29 11:00:00,0.719
2023-01-29 12:00:00,0.588
2023-01-29 13:00:00,1.046
2023-01-29 14:00:00,0.915
2023-01-29 15:00:00,0.784
2023-01-29 16:00:00,0.719
2023-01-29 17:00:00,0.85
2023-01-29 18:00:00,1.144
2023-01-29 19:00:00,1.699
2023-01-29 20:00:00,2.124
2023-01-29 21:00:00,1.895
2023-01-29 22:00:00,1.372
2023-01-29 23:00:00,0.915
2023-01-30 00:00:00,0.646
2023-01-30 01:00:00,0.517
2023-01-30 02:00:00,0.43
2023-01-30 03:00:00,0.387
2023-01-30 04:00:00,0.344
2023-01-30 05:00:00,0.387
2023-01-30 06:00:00,0.474
2023-01-30 07:00:00,1.076
2023-01-30 08:00:00,1.937
2023-01-30 09:00:00,1.507
2023-01-30 10:00:00,1.205
2023-01-30 11:00:00,0.947
2023-01-30 12:00:00,0.775
2023-01-30 13:00:00,1.378
2023-01-30 14:00:00,1.205
2023-01-30 15:00:00,1.033
2023-01-30 16:00:00,0.947
2023-01-30 17:00:00,1.119
2023-01-30 18:00:00,1.507
2023-01-30 19:00:00,2.239
2023-01-30 20:00:00,2.798
2023-01-30 21:00:00,2.497
2023-01-30 22:00:00,1.808
2023-01-30 23:00:00,1.205
2023-01-31 00:00:00,0.493
2023-01-31 01:00:00,0.394
2023-01-31 02:00:00,0.329
2023-01-31 03:00:00,0.296
2023-01-31 04:00:00,0.263
2023-01-31 05:00:00,0.296
2023-01-31 06:00:00,0.361
2023-01-31 07:00:00,0.821
2023-01-31 08:00:00,1.478
2023-01-31 09:00:00,1.15
2023-01-31 10:00:00,0.92
2023-01-31 11:00:00,0.723
2023-01-31 12:00:00,0.591
2023-01-31 13:00:00,1.051
2023-01-31 14:00:00,0.92
2023-01-31 15:00:00,0.788
2023-01-31 16:00:00,0.723
2023-01-31 17:00:00,0.854
2023-01-31 18:00:00,1.15
2023-01-31 19:00:00,1.708
2023-01-31 20:00:00,2.135
2023-01-31 21:00:00,1.905
2023-01-31 22:00:00,1.38
2023-01-31 23:00:00,0.92
2023-02-01 00:00:00,0.519
2023-02-01 01:00:00,0.415
2023-02-01 02:00:00,0.346
2023-02-01 03:00:00,0.311
2023-02-01 04:00:00,0.277
2023-02-01 05:00:00,0.311
2023-02-01 06:00:00,0.381
2023-02-01 07:00:00,0.865
2023-02-01 08:00:00,1.557
2023-02-01 09:00:00,1.211
2023-02-01 10:00:00,0.969
2023-02-01 11:00:00,0.761
2023-02-01 12:00:00,0.623
2023-02-01 13:00:00,1.107
2023-02-01 14:00:00,0.969
2023-02-01 15:00:00,0.831
2023-02-01 16:00:00,0.761
2023-02-01 17:00:00,0.9
2023-02-01 18:00:00,1.211
2023-02-01 19:00:00,1.799
2023-02-01 20:00:00,2.249
2023-02-01 21:00:00,2.007
2023-02-01 22:00:00,1.453
2023-02-01 23:00:00,0.969
2023-02-02 00:00:00,0.511
2023-02-02 01:00:00,0.408
2023-02-02 02:00:00,0.34
2023-02-02 03:00:00,0.306
2023-02-02 04:00:00,0.272
2023-02-02 05:00:00,0.306
2023-02-02 06:00:00,0.374
2023-02-02 07:00:00,0.851
2023-02-02 08:00:00,1.532
2023-02-02 09:00:00,1.191
2023-02-02 10:00:00,0.953
2023-02-02 11:00:00,0.749
2023-02-02 12:00:00,0.613
2023-02-02 13:00:00,1.089
2023-02-02 14:00:00,0.953
2023-02-02 15:00:00,0.817
2023-02-02 16:00:00,0.749
2023-02-02 17:00:00,0.885
2023-02-02 18:00:00,1.191
2023-02-02 19:00:00,1.77
2023-02-02 20:00:00,2.213
2023-02-02 21:00:00,1.974
2023-02-02 22:00:00,1.43
2023-02-02 23:00:00,0.953
2023-02-03 00:00:00,0.497
2023-02-03 01:00:00,0.397
2023-02-03 02:00:00,0.331
2023-02-03 03:00:00,0.298
2023-02-03 04:00:00,0.265
2023-02-03 05:00:00,0.298
2023-02-03 06:00:00,0.364
2023-02-03 07:00:00,0.828
2023-02-03 08:00:00,1.49
2023-02-03 09:00:00,1.159
2023-02-03 10:00:00,0.927
2023-02-03 11:00:00,0.728
2023-02-03 12:00:00,0.596
2023-02-03 13:00:00,1.059
2023-02-03 14:00:00,0.927
2023-02-03 15:00:00,0.794
2023-02-03 16:00:00,0.728
2023-02-03 17:00:00,0.861
2023-02-03 18:00:00,1.159
2023-02-03 19:00:00,1.721
2023-02-03 20:00:00,2.152
2023-02-03 21:00:00,1.92
2023-02-03 22:00:00,1.39
2023-02-03 23:00:00,0.927
2023-02-04 00:00:00,0.451
2023-02-04 01:00:00,0.361
2023-02-04 02:00:00,0.301
2023-02-04 03:00:00,0.271
2023-02-04 04:00:00,0.241
2023-02-04 05:00:00,0.271
2023-02-04 06:00:00,0.331
2023-02-04 07:00:00,0.752
2023-02-04 08:00:00,1.354
2023-02-04 09:00:00,1.053
2023-02-04 10:00:00,0.843
2023-02-04 11:00:00,0.662
2023-02-04 12:00:00,0.542
2023-02-04 13:00:00,0.963
2023-02-04 14:00:00,0.843
2023-02-04 15:00:00,0.722
2023-02-04 16:00:00,0.662
2023-02-04 17:00:00,0.783
2023-02-04 18:00:00,1.053
2023-02-04 19:00:00,1.565
2023-02-04 20:00:00,1.956
2023-02-04 21:00:00,1.746
2023-02-04 22:00:00,1.264
2023-02-04 23:00:00,0.843
2023-02-05 00:00:00,0.502
2023-02-05 01:00:00,0.401
2023-02-05 02:00:00,0.334
2023-02-05 03:00:00,0.301
2023-02-05 04:00:00,0.267
2023-02-05 05:00:00,0.301
2023-02-05 06:00:00,0.368
2023-02-05 07:00:00,0.836
2023-02-05 08:00:00,1.505
2023-02-05 09:00:00,1.17
2023-02-05 10:00:00,0.936
2023-02-05 11:00:00,0.736
2023-02-05 12:00:00,0.602
2023-02-05 13:00:00,1.07
2023-02-05 14:00:00,0.936
2023-02-05 15:00:00,0.802
2023-02-05 16:00:00,0.736
2023-02-05 17:00:00,0.869
2023-02-05 18:00:00,1.17
2023-02-05 19:00:00,1.739
2023-02-05 20:00:00,2.173
2023-02-05 21:00:00,1.939
2023-02-05 22:00:00,1.404
2023-02-05 23:00:00,0.936
2023-02-06 00:00:00,0.43
2023-02-06 01:00:00,0.344
2023-02-06 02:00:00,0.287
2023-02-06 03:00:00,0.258
2023-02-06 04:00:00,0.229
2023-02-06 05:00:00,0.258
2023-02-06 06:00:00,0.315
2023-02-06 07:00:00,0.717
2023-02-06 08:00:00,1.29
2023-02-06 09:00:00,1.004
2023-02-06 10:00:00,0.803
2023-02-06 11:00:00,0.631
2023-02-06 12:00:00,0.516
2023-02-06 13:00:00,0.918
2023-02-06 14:00:00,0.803
2023-02-06 15:00:00,0.688
2023-02-06 16:00:00,0.631
2023-02-06 17:00:00,0.746
2023-02-06 18:00:00,1.004
2023-02-06 19:00:00,1.491
2023-02-06 20:00:00,1.864
2023-02-06 21:00:00,1.663
2023-02-06 22:00:00,1.204
2023-02-06 23:00:00,0.803
2023-02-07 00:00:00,0.455
2023-02-07 01:00:00,0.364
2023-02-07 02:00:00,0.303
2023-02-07 03:00:00,0.273
2023-02-07 04:00:00,0.243
2023-02-07 05:00:00,0.273
2023-02-07 06:00:00,0.334
2023-02-07 07:00:00,0.759
2023-02-07 08:00:00,1.365
2023-02-07 09:00:00,1.062
2023-02-07 10:00:00,0.85
2023-02-07 11:00:00,0.667
2023-02-07 12:00:00,0.546
2023-02-07 13:00:00,0.971
2023-02-07 14:00:00,0.85
2023-02-07 15:00:00,0.728
2023-02-07 16:00:00,0.667
2023-02-07 17:00:00,0.789
2023-02-07 18:00:00,1.062
2023-02-07 19:00:00,1.578
2023-02-07 20:00:00,1.972
2023-02-07 21:00:00,1.76
2023-02-07 22:00:00,1.274
2023-02-07 23:00:00,0.85
2023-02-08 00:00:00,0.444
2023-02-08 01:00:00,0.355
2023-02-08 02:00:00,0.296
2023-02-08 03:00:00,0.266
2023-02-08 04:00:00,0.237
2023-02-08 05:00:00,0.266
2023-02-08 06:00:00,0.325
2023-02-08 07:00:00,0.739
2023-02-08 08:00:00,1.331
2023-02-08 09:00:00,1.035
2023-02-08 10:00:00,0.828
2023-02-08 11:00:00,0.651
2023-02-08 12:00:00,0.532
2023-02-08 13:00:00,0.946
2023-02-08 14:00:00,0.828
2023-02-08 15:00:00,0.71
2023-02-08 16:00:00,0.651
2023-02-08 17:00:00,0.769
2023-02-08 18:00:00,1.035
2023-02-08 19:00:00,1.538
2023-02-08 20:00:00,1.922
2023-02-08 21:00:00,1.715
2023-02-08 22:00:00,1.242
2023-02-08 23:00:00,0.828
2023-02-09 00:00:00,0.47
2023-02-09 01:00:00,0.376
2023-02-09 02:00:00,0.313
2023-02-09 03:00:00,0.282
2023-02-09 04:00:00,0.251
2023-02-09 05:00:00,0.282
2023-02-09 06:00:00,0.345
2023-02-09 07:00:00,0.783
2023-02-09 08:00:00,1.41
2023-02-09 09:00:00,1.097
2023-02-09 10:00:00,0.877
2023-02-09 11:00:00,0.689
2023-02-09 12:00:00,0.564
2023-02-09 13:00:00,1.003
2023-02-09 14:00:00,0.877
2023-02-09 15:00:00,0.752
2023-02-09 16:00:00,0.689
2023-02-09 17:00:00,0.815
2023-02-09 18:00:00,1.097
2023-02-09 19:00:00,1.629
2023-02-09 20:00:00,2.037
2023-02-09 21:00:00,1.817
2023-02-09 22:00:00,1.316
2023-02-09 23:00:00,0.877
2023-02-10 00:00:00,0.574
2023-02-10 01:00:00,0.459
2023-02-10 02:00:00,0.383
2023-02-10 03:00:00,0.344
2023-02-10 04:00:00,0.306
2023-02-10 05:00:00,0.344
2023-02-10 06:00:00,0.421
2023-02-10 07:00:00,0.957
2023-02-10 08:00:00,1.722
2023-02-10 09:00:00,1.339
2023-02-10 10:00:00,1.072
2023-02-10 11:00:00,0.842
2023-02-10 12:00:00,0.689
2023-02-10 13:00:00,1.225
2023-02-10 14:00:00,1.072
2023-02-10 15:00:00,0.918
2023-02-10 16:00:00,0.842
2023-02-10 17:00:00,0.995
2023-02-10 18:00:00,1.339
2023-02-10 19:00:00,1.99
2023-02-10 20:00:00,2.488
2023-02-10 21:00:00,2.22
2023-02-10 22:00:00,1.607
2023-02-10 23:00:00,1.072
2023-02-11 00:00:00,0.379
2023-02-11 01:00:00,0.303
2023-02-11 02:00:00,0.253
2023-02-11 03:00:00,0.227
2023-02-11 04:00:00,0.202
2023-02-11 05:00:00,0.227
2023-02-11 06:00:00,0.278
2023-02-11 07:00:00,0.632
2023-02-11 08:00:00,1.137
2023-02-11 09:00:00,0.885
2023-02-11 10:00:00,0.708
2023-02-11 11:00:00,0.556
2023-02-11 12:00:00,0.455
2023-02-11 13:00:00,0.809
2023-02-11 14:00:00,0.708
2023-02-11 15:00:00,0.607
2023-02-11 16:00:00,0.556
2023-02-11 17:00:00,0.657
2023-02-11 18:00:00,0.885
2023-02-11 19:00:00,1.314
2023-02-11 20:00:00,1.643
2023-02-11 21:00:00,1.466
2023-02-11 22:00:00,1.061
2023-02-11 23:00:00,0.708
2023-02-12 00:00:00,0.498
2023-02-12 01:00:00,0.399
2023-02-12 02:00:00,0.332
2023-02-12 03:00:00,0.299
2023-02-12 04:00:00,0.266
2023-02-12 05:00:00,0.299
2023-02-12 06:00:00,0.365
2023-02-12 07:00:00,0.83
2023-02-12 08:00:00,1.494
2023-02-12 09:00:00,1.162
2023-02-12 10:00:00,0.93
2023-02-12 11:00:00,0.731
2023-02-12 12:00:00,0.598
2023-02-12 13:00:00,1.063
2023-02-12 14:00:00,0.93
2023-02-12 15:00:00,0.797
2023-02-12 16:00:00,0.731
2023-02-12 17:00:00,0.863
2023-02-12 18:00:00,1.162
2023-02-12 19:00:00,1.727
2023-02-12 20:00:00,2.159
2023-02-12 21:00:00,1.926
2023-02-12 22:00:00,1.395
2023-02-12 23:00:00,0.93
2023-02-13 00:00:00,0.391
2023-02-13 01:00:00,0.313
2023-02-13 02:00:00,0.261
2023-02-13 03:00:00,0.235
2023-02-13 04:00:00,0.209
2023-02-13 05:00:00,0.235
2023-02-13 06:00:00,0.287
2023-02-13 07:00:00,0.652
2023-02-13 08:00:00,1.173
2023-02-13 09:00:00,0.912
2023-02-13 10:00:00,0.73
2023-02-13 11:00:00,0.573
2023-02-13 12:00:00,0.469
2023-02-13 13:00:00,0.834
2023-02-13 14:00:00,0.73
2023-02-13 15:00:00,0.626
2023-02-13 16:00:00,0.573
2023-02-13 17:00:00,0.678
2023-02-13 18:00:00,0.912
2023-02-13 19:00:00,1.355
2023-02-13 20:00:00,1.694
2023-02-13 21:00:00,1.512
2023-02-13 22:00:00,1.095
2023-02-13 23:00:00,0.73
2023-02-14 00:00:00,0.444
2023-02-14 01:00:00,0.355
2023-02-14 02:00:00,0.296
2023-02-14 03:00:00,0.266
2023-02-14 04:00:00,0.237
2023-02-14 05:00:00,0.266
2023-02-14 06:00:00,0.326
2023-02-14 07:00:00,0.74
2023-02-14 08:00:00,1.332
2023-02-14 09:00:00,1.036
2023-02-14 10:00:00,0.829
2023-02-14 11:00:00,0.651
2023-02-14 12:00:00,0.533
2023-02-14 13:00:00,0.948
2023-02-14 14:00:00,0.829
2023-02-14 15:00:00,0.711
2023-02-14 16:00:00,0.651
2023-02-14 17:00:00,0.77
2023-02-14 18:00:00,1.036
2023-02-14 19:00:00,1.54
2023-02-14 20:00:00,1.925
2023-02-14 21:00:00,1.717
2023-02-14 22:00:00,1.244
2023-02-14 23:00:00,0.829
2023-02-15 00:00:00,0.517
2023-02-15 01:00:00,0.414
2023-02-15 02:00:00,0.345
2023-02-15 03:00:00,0.31
2023-02-15 04:00:00,0.276
2023-02-15 05:00:00,0.31
2023-02-15 06:00:00,0.379
2023-02-15 07:00:00,0.862
2023-02-15 08:00:00,1.551
2023-02-15 09:00:00,1.206
2023-02-15 10:00:00,0.965
2023-02-15 11:00:00,0.758
2023-02-15 12:00:00,0.62
2023-02-15 13:00:00,1.103
2023-02-15 14:00:00,0.965
2023-02-15 15:00:00,0.827
2023-02-15 16:00:00,0.758
2023-02-15 17:00:00,0.896
2023-02-15 18:00:00,1.206
2023-02-15 19:00:00,1.792
2023-02-15 20:00:00,2.24
2023-02-15 21:00:00,1.999
2023-02-15 22:00:00,1.447
2023-02-15 23:00:00,0.965
2023-02-16 00:00:00,0.469
2023-02-16 01:00:00,0.375
2023-02-16 02:00:00,0.313
2023-02-16 03:00:00,0.281
2023-02-16 04:00:00,0.25
2023-02-16 05:00:00,0.281
2023-02-16 06:00:00,0.344
2023-02-16 07:00:00,0.782
2023-02-16 08:00:00,1.407
2023-02-16 09:00:00,1.095
2023-02-16 10:00:00,0.876
2023-02-16 11:00:00,0.688
2023-02-16 12:00:00,0.563
2023-02-16 13:00:00,1.001
2023-02-16 14:00:00,0.876
2023-02-16 15:00:00,0.751
2023-02-16 16:00:00,0.688
2023-02-16 17:00:00,0.813
2023-02-16 18:00:00,1.095
2023-02-16 19:00:00,1.626
2023-02-16 20:00:00,2.033
2023-02-16 21:00:00,1.814
2023-02-16 22:00:00,1.314
2023-02-16 23:00:00,0.876
2023-02-17 00:00:00,0.416
2023-02-17 01:00:00,0.333
2023-02-17 02:00:00,0.277
2023-02-17 03:00:00,0.25
2023-02-17 04:00:00,0.222
2023-02-17 05:00:00,0.25
2023-02-17 06:00:00,0.305
2023-02-17 07:00:00,0.693
2023-02-17 08:00:00,1.248
2023-02-17 09:00:00,0.97
2023-02-17 10:00:00,0.776
2023-02-17 11:00:00,0.61
2023-02-17 12:00:00,0.499
2023-02-17 13:00:00,0.887
2023-02-17 14:00:00,0.776
2023-02-17 15:00:00,0.665
2023-02-17 16:00:00,0.61
2023-02-17 17:00:00,0.721
2023-02-17 18:00:00,0.97
2023-02-17 19:00:00,1.442
2023-02-17 20:00:00,1.802
2023-02-17 21:00:00,1.608
2023-02-17 22:00:00,1.165
2023-02-17 23:00:00,0.776
2023-02-18 00:00:00,0.433
2023-02-18 01:00:00,0.346
2023-02-18 02:00:00,0.289
2023-02-18 03:00:00,0.26
2023-02-18 04:00:00,0.231
2023-02-18 05:00:00,0.26
2023-02-18 06:00:00,0.317
2023-02-18 07:00:00,0.721
2023-02-18 08:00:00,1.298
2023-02-18 09:00:00,1.01
2023-02-18 10:00:00,0.808
2023-02-18 11:00:00,0.635
2023-02-18 12:00:00,0.519
2023-02-18 13:00:00,0.923
2023-02-18 14:00:00,0.808
2023-02-18 15:00:00,0.692
2023-02-18 16:00:00,0.635
2023-02-18 17:00:00,0.75
2023-02-18 18:00:00,1.01
2023-02-18 19:00:00,1.5
2023-02-18 20:00:00,1.875
2023-02-18 21:00:00,1.674
2023-02-18 22:00:00,1.212
2023-02-18 23:00:00,0.808
2023-02-19 00:00:00,0.498
2023-02-19 01:00:00,0.398
2023-02-19 02:00:00,0.332
2023-02-19 03:00:00,0.299
2023-02-19 04:00:00,0.266
2023-02-19 05:00:00,0.299
2023-02-19 06:00:00,0.365
2023-02-19 07:00:00,0.83
2023-02-19 08:00:00,1.493
2023-02-19 09:00:00,1.162
2023-02-19 10:00:00,0.929
2023-02-19 11:00:00,0.73
2023-02-19 12:00:00,0.597
2023-02-19 13:00:00,1.062
2023-02-19 14:00:00,0.929
2023-02-19 15:00:00,0.797
2023-02-19 16:00:00,0.73
2023-02-19 17:00:00,0.863
2023-02-19 18:00:00,1.162
2023-02-19 19:00:00,1.726
2023-02-19 20:00:00,2.157
2023-02-19 21:00:00,1.925
2023-02-19 22:00:00,1.394
2023-02-19 23:00:00,0.929
2023-02-20 00:00:00,0.432
2023-02-20 01:00:00,0.346
2023-02-20 02:00:00,0.288
2023-02-20 03:00:00,0.259
2023-02-20 04:00:00,0.23
2023-02-20 05:00:00,0.259
2023-02-20 06:00:00,0.317
2023-02-20 07:00:00,0.72
2023-02-20 08:00:00,1.296
2023-02-20 09:00:00,1.008
2023-02-20 10:00:00,0.807
2023-02-20 11:00:00,0.634
2023-02-20 12:00:00,0.519
2023-02-20 13:00:00,0.922
2023-02-20 14:00:00,0.807
2023-02-20 15:00:00,0.691
2023-02-20 16:00:00,0.634
2023-02-20 17:00:00,0.749
2023-02-20 18:00:00,1.008
2023-02-20 19:00:00,1.498
2023-02-20 20:00:00,1.872
2023-02-20 21:00:00,1.671
2023-02-20 22:00:00,1.21
2023-02-20 23:00:00,0.807
2023-02-21 00:00:00,0.476
2023-02-21 01:00:00,0.381
2023-02-21 02:00:00,0.317
2023-02-21 03:00:00,0.286
2023-02-21 04:00:00,0.254
2023-02-21 05:00:00,0.286
2023-02-21 06:00:00,0.349
2023-02-21 07:00:00,0.794
2023-02-21 08:00:00,1.429
2023-02-21 09:00:00,1.111
2023-02-21 10:00:00,0.889
2023-02-21 11:00:00,0.698
2023-02-21 12:00:00,0.571
2023-02-21 13:00:00,1.016
2023-02-21 14:00:00,0.889
2023-02-21 15:00:00,0.762
2023-02-21 16:00:00,0.698
2023-02-21 17:00:00,0.825
2023-02-21 18:00:00,1.111
2023-02-21 19:00:00,1.651
2023-02-21 20:00:00,2.064
2023-02-21 21:00:00,1.841
2023-02-21 22:00:00,1.333
2023-02-21 23:00:00,0.889
2023-02-22 00:00:00,0.468
2023-02-22 01:00:00,0.375
2023-02-22 02:00:00,0.312
2023-02-22 03:00:00,0.281
2023-02-22 04:00:00,0.25
2023-02-22 05:00:00,0.281
2023-02-22 06:00:00,0.343
2023-02-22 07:00:00,0.78
2023-02-22 08:00:00,1.405
2023-02-22 09:00:00,1.093
2023-02-22 10:00:00,0.874
2023-02-22 11:00:00,0.687
2023-02-22 12:00:00,0.562
2023-02-22 13:00:00,0.999
2023-02-22 14:00:00,0.874
2023-02-22 15:00:00,0.749
2023-02-22 16:00:00,0.687
2023-02-22 17:00:00,0.812
2023-02-22 18:00:00,1.093
2023-02-22 19:00:00,1.623
2023-02-22 20:00:00,2.029
2023-02-22 21:00:00,1.811
2023-02-22 22:00:00,1.311
2023-02-22 23:00:00,0.874
2023-02-23 00:00:00,0.436
2023-02-23 01:00:00,0.349
2023-02-23 02:00:00,0.291
2023-02-23 03:00:00,0.261
2023-02-23 04:00:00,0.232
2023-02-23 05:00:00,0.261
2023-02-23 06:00:00,0.32
2023-02-23 07:00:00,0.726
2023-02-23 08:00:00,1.307
2023-02-23 09:00:00,1.017
2023-02-23 10:00:00,0.813
2023-02-23 11:00:00,0.639
2023-02-23 12:00:00,0.523
2023-02-23 13:00:00,0.93
2023-02-23 14:00:00,0.813
2023-02-23 15:00:00,0.697
2023-02-23 16:00:00,0.639
2023-02-23 17:00:00,0.755
2023-02-23 18:00:00,1.017
2023-02-23 19:00:00,1.511
2023-02-23 20:00:00,1.888
2023-02-23 21:00:00,1.685
2023-02-23 22:00:00,1.22
2023-02-23 23:00:00,0.813
2023-02-24 00:00:00,0.566
2023-02-24 01:00:00,0.453
2023-02-24 02:00:00,0.377
2023-02-24 03:00:00,0.34
2023-02-24 04:00:00,0.302
2023-02-24 05:00:00,0.34
2023-02-24 06:00:00,0.415
2023-02-24 07:00:00,0.943
2023-02-24 08:00:00,1.698
2023-02-24 09:00:00,1.321
2023-02-24 10:00:00,1.057
2023-02-24 11:00:00,0.83
2023-02-24 12:00:00,0.679
2023-02-24 13:00:00,1.208
2023-02-24 14:00:00,1.057
2023-02-24 15:00:00,0.906
2023-02-24 16:00:00,0.83
2023-02-24 17:00:00,0.981
2023-02-24 18:00:00,1.321
2023-02-24 19:00:00,1.962
2023-02-24 20:00:00,2.453
2023-02-24 21:00:00,2.189
2023-02-24 22:00:00,1.585
2023-02-24 23:00:00,1.057
2023-02-25 00:00:00,0.496
2023-02-25 01:00:00,0.397
2023-02-25 02:00:00,0.33
2023-02-25 03:00:00,0.297
2023-02-25 04:00:00,0.264
2023-02-25 05:00:00,0.297
2023-02-25 06:00:00,0.364
2023-02-25 07:00:00,0.826
2023-02-25 08:00:00,1.487
2023-02-25 09:00:00,1.157
2023-02-25 10:00:00,0.925
2023-02-25 11:00:00,0.727
2023-02-25 12:00:00,0.595
2023-02-25 13:00:00,1.057
2023-02-25 14:00:00,0.925
2023-02-25 15:00:00,0.793
2023-02-25 16:00:00,0.727
2023-02-25 17:00:00,0.859
2023-02-25 18:00:00,1.157
2023-02-25 19:00:00,1.718
2023-02-25 20:00:00,2.148
2023-02-25 21:00:00,1.917
2023-02-25 22:00:00,1.388
2023-02-25 23:00:00,0.925
2023-02-26 00:00:00,0.372
2023-02-26 01:00:00,0.297
2023-02-26 02:00:00,0.248
2023-02-26 03:00:00,0.223
2023-02-26 04:00:00,0.198
2023-02-26 05:00:00,0.223
2023-02-26 06:00:00,0.273
2023-02-26 07:00:00,0.62
2023-02-26 08:00:00,1.115
2023-02-26 09:00:00,0.867
2023-02-26 10:00:00,0.694
2023-02-26 11:00:00,0.545
2023-02-26 12:00:00,0.446
2023-02-26 13:00:00,0.793
2023-02-26 14:00:00,0.694
2023-02-26 15:00:00,0.595
2023-02-26 16:00:00,0.545
2023-02-26 17:00:00,0.644
2023-02-26 18:00:00,0.867
2023-02-26 19:00:00,1.289
2023-02-26 20:00:00,1.611
2023-02-26 21:00:00,1.437
2023-02-26 22:00:00,1.041
2023-02-26 23:00:00,0.694
2023-02-27 00:00:00,0.475
2023-02-27 01:00:00,0.38
2023-02-27 02:00:00,0.317
2023-02-27 03:00:00,0.285
2023-02-27 04:00:00,0.253
2023-02-27 05:00:00,0.285
2023-02-27 06:00:00,0.348
2023-02-27 07:00:00,0.791
2023-02-27 08:00:00,1.425
2023-02-27 09:00:00,1.108
2023-02-27 10:00:00,0.886
2023-02-27 11:00:00,0.696
2023-02-27 12:00:00,0.57
2023-02-27 13:00:00,1.013
2023-02-27 14:00:00,0.886
2023-02-27 15:00:00,0.76
2023-02-27 16:00:00,0.696
2023-02-27 17:00:00,0.823
2023-02-27 18:00:00,1.108
2023-02-27 19:00:00,1.646
2023-02-27 20:00:00,2.058
2023-02-27 21:00:00,1.836
2023-02-27 22:00:00,1.33
2023-02-27 23:00:00,0.886
2023-02-28 00:00:00,0.435
2023-02-28 01:00:00,0.348
2023-02-28 02:00:00,0.29
2023-02-28 03:00:00,0.261
2023-02-28 04:00:00,0.232
2023-02-28 05:00:00,0.261
2023-02-28 06:00:00,0.319
2023-02-28 07:00:00,0.725
2023-02-28 08:00:00,1.306
2023-02-28 09:00:00,1.016
2023-02-28 10:00:00,0.813
2023-02-28 11:00:00,0.638
2023-02-28 12:00:00,0.522
2023-02-28 13:00:00,0.929
2023-02-28 14:00:00,0.813
2023-02-28 15:00:00,0.696
2023-02-28 16:00:00,0.638
2023-02-28 17:00:00,0.755
2023-02-28 18:00:00,1.016
2023-02-28 19:00:00,1.509
2023-02-28 20:00:00,1.886
2023-02-28 21:00:00,1.683
2023-02-28 22:00:00,1.219
2023-02-28 23:00:00,0.813
2023-03-01 00:00:00,0.462
2023-03-01 01:00:00,0.37
2023-03-01 02:00:00,0.308
2023-03-01 03:00:00,0.277
2023-03-01 04:00:00,0.246
2023-03-01 05:00:00,0.277
2023-03-01 06:00:00,0.339
2023-03-01 07:00:00,0.77
2023-03-01 08:00:00,1.386
2023-03-01 09:00:00,1.078
2023-03-01 10:00:00,0.862
2023-03-01 11:00:00,0.677
2023-03-01 12:00:00,0.554
2023-03-01 13:00:00,0.985
2023-03-01 14:00:00,0.862
2023-03-01 15:00:00,0.739
2023-03-01 16:00:00,0.677
2023-03-01 17:00:00,0.801
2023-03-01 18:00:00,1.078
2023-03-01 19:00:00,1.601
2023-03-01 20:00:00,2.002
2023-03-01 21:00:00,1.786
2023-03-01 22:00:00,1.293
2023-03-01 23:00:00,0.862
2023-03-02 00:00:00,0.392
2023-03-02 01:00:00,0.314
2023-03-02 02:00:00,0.261
2023-03-02 03:00:00,0.235
2023-03-02 04:00:00,0.209
2023-03-02 05:00:00,0.235
2023-03-02 06:00:00,0.287
2023-03-02 07:00:00,0.653
2023-03-02 08:00:00,1.176
2023-03-02 09:00:00,0.914
2023-03-02 10:00:00,0.732
2023-03-02 11:00:00,0.575
2023-03-02 12:00:00,0.47
2023-03-02 13:00:00,0.836
2023-03-02 14:00:00,0.732
2023-03-02 15:00:00,0.627
2023-03-02 16:00:00,0.575
2023-03-02 17:00:00,0.679
2023-03-02 18:00:00,0.914
2023-03-02 19:00:00,1.359
2023-03-02 20:00:00,1.698
2023-03-02 21:00:00,1.515
2023-03-02 22:00:00,1.097
2023-03-02 23:00:00,0.732
2023-03-03 00:00:00,0.421
2023-03-03 01:00:00,0.337
2023-03-03 02:00:00,0.28
2023-03-03 03:00:00,0.252
2023-03-03 04:00:00,0.224
2023-03-03 05:00:00,0.252
2023-03-03 06:00:00,0.309
2023-03-03 07:00:00,0.701
2023-03-03 08:00:00,1.262
2023-03-03 09:00:00,0.982
2023-03-03 10:00:00,0.785
2023-03-03 11:00:00,0.617
2023-03-03 12:00:00,0.505
2023-03-03 13:00:00,0.898
2023-03-03 14:00:00,0.785
2023-03-03 15:00:00,0.673
2023-03-03 16:00:00,0.617
2023-03-03 17:00:00,0.729
2023-03-03 18:00:00,0.982
2023-03-03 19:00:00,1.459
2023-03-03 20:00:00,1.823
2023-03-03 21:00:00,1.627
2023-03-03 22:00:00,1.178
2023-03-03 23:00:00,0.785
2023-03-04 00:00:00,0.447
2023-03-04 01:00:00,0.358
2023-03-04 02:00:00,0.298
2023-03-04 03:00:00,0.268
2023-03-04 04:00:00,0.238
2023-03-04 05:00:00,0.268
2023-03-04 06:00:00,0.328
2023-03-04 07:00:00,0.745
2023-03-04 08:00:00,1.341
2023-03-04 09:00:00,1.043
2023-03-04 10:00:00,0.835
2023-03-04 11:00:00,0.656
2023-03-04 12:00:00,0.537
2023-03-04 13:00:00,0.954
2023-03-04 14:00:00,0.835
2023-03-04 15:00:00,0.715
2023-03-04 16:00:00,0.656
2023-03-04 17:00:00,0.775
2023-03-04 18:00:00,1.043
2023-03-04 19:00:00,1.55
2023-03-04 20:00:00,1.937
2023-03-04 21:00:00,1.729
2023-03-04 22:00:00,1.252
2023-03-04 23:00:00,0.835
2023-03-05 00:00:00,0.462
2023-03-05 01:00:00,0.37
2023-03-05 02:00:00,0.308
2023-03-05 03:00:00,0.277
2023-03-05 04:00:00,0.247
2023-03-05 05:00:00,0.277
2023-03-05 06:00:00,0.339
2023-03-05 07:00:00,0.771
2023-03-05 08:00:00,1.387
2023-03-05 09:00:00,1.079
2023-03-05 10:00:00,0.863
2023-03-05 11:00:00,0.678
2023-03-05 12:00:00,0.555
2023-03-05 13:00:00,0.987
2023-03-05 14:00:00,0.863
2023-03-05 15:00:00,0.74
2023-03-05 16:00:00,0.678
2023-03-05 17:00:00,0.802
2023-03-05 18:00:00,1.079
2023-03-05 19:00:00,1.603
2023-03-05 20:00:00,2.004
2023-03-05 21:00:00,1.788
2023-03-05 22:00:00,1.295
2023-03-05 23:00:00,0.863
2023-03-06 00:00:00,0.375
2023-03-06 01:00:00,0.3
2023-03-06 02:00:00,0.25
2023-03-06 03:00:00,0.225
2023-03-06 04:00:00,0.2
2023-03-06 05:00:00,0.225
2023-03-06 06:00:00,0.275
2023-03-06 07:00:00,0.624
2023-03-06 08:00:00,1.124
2023-03-06 09:00:00,0.874
2023-03-06 10:00:00,0.699
2023-03-06 11:00:00,0.549
2023-03-06 12:00:00,0.449
2023-03-06 13:00:00,0.799
2023-03-06 14:00:00,0.699
2023-03-06 15:00:00,0.599
2023-03-06 16:00:00,0.549
2023-03-06 17:00:00,0.649
2023-03-06 18:00:00,0.874
2023-03-06 19:00:00,1.298
2023-03-06 20:00:00,1.623
2023-03-06 21:00:00,1.448
2023-03-06 22:00:00,1.049
2023-03-06 23:00:00,0.699
2023-03-07 00:00:00,0.411
2023-03-07 01:00:00,0.329
2023-03-07 02:00:00,0.274
2023-03-07 03:00:00,0.247
2023-03-07 04:00:00,0.219
2023-03-07 05:00:00,0.247
2023-03-07 06:00:00,0.302
2023-03-07 07:00:00,0.686
2023-03-07 08:00:00,1.234
2023-03-07 09:00:00,0.96
2023-03-07 10:00:00,0.768
2023-03-07 11:00:00,0.603
2023-03-07 12:00:00,0.494
2023-03-07 13:00:00,0.878
2023-03-07 14:00:00,0.768
2023-03-07 15:00:00,0.658
2023-03-07 16:00:00,0.603
2023-03-07 17:00:00,0.713
2023-03-07 18:00:00,0.96
2023-03-07 19:00:00,1.426
2023-03-07 20:00:00,1.783
2023-03-07 21:00:00,1.591
2023-03-07 22:00:00,1.152
2023-03-07 23:00:00,0.768
2023-03-08 00:00:00,0.405
2023-03-08 01:00:00,0.324
2023-03-08 02:00:00,0.27
2023-03-08 03:00:00,0.243
2023-03-08 04:00:00,0.216
2023-03-08 05:00:00,0.243
2023-03-08 06:00:00,0.297
2023-03-08 07:00:00,0.676
2023-03-08 08:00:00,1.216
2023-03-08 09:00:00,0.946
2023-03-08 10:00:00,0.757
2023-03-08 11:00:00,0.595
2023-03-08 12:00:00,0.486
2023-03-08 13:00:00,0.865
2023-03-08 14:00:00,0.757
2023-03-08 15:00:00,0.649
2023-03-08 16:00:00,0.595
2023-03-08 17:00:00,0.703
2023-03-08 18:00:00,0.946
2023-03-08 19:00:00,1.405
2023-03-08 20:00:00,1.757
2023-03-08 21:00:00,1.568
2023-03-08 22:00:00,1.135
2023-03-08 23:00:00,0.757
2023-03-09 00:00:00,0.398
2023-03-09 01:00:00,0.318
2023-03-09 02:00:00,0.265
2023-03-09 03:00:00,0.239
2023-03-09 04:00:00,0.212
2023-03-09 05:00:00,0.239
2023-03-09 06:00:00,0.292
2023-03-09 07:00:00,0.663
2023-03-09 08:00:00,1.193
2023-03-09 09:00:00,0.928
2023-03-09 10:00:00,0.743
2023-03-09 11:00:00,0.583
2023-03-09 12:00:00,0.477
2023-03-09 13:00:00,0.849
2023-03-09 14:00:00,0.743
2023-03-09 15:00:00,0.636
2023-03-09 16:00:00,0.583
2023-03-09 17:00:00,0.69
2023-03-09 18:00:00,0.928
2023-03-09 19:00:00,1.379
2023-03-09 20:00:00,1.724
2023-03-09 21:00:00,1.538
2023-03-09 22:00:00,1.114
2023-03-09 23:00:00,0.743
2023-03-10 00:00:00,0.501
2023-03-10 01:00:00,0.401
2023-03-10 02:00:00,0.334
2023-03-10 03:00:00,0.3
2023-03-10 04:00:00,0.267
2023-03-10 05:00:00,0.3
2023-03-10 06:00:00,0.367
2023-03-10 07:00:00,0.835
2023-03-10 08:00:00,1.502
2023-03-10 09:00:00,1.168
2023-03-10 10:00:00,0.935
2023-03-10 11:00:00,0.734
2023-03-10 12:00:00,0.601
2023-03-10 13:00:00,1.068
2023-03-10 14:00:00,0.935
2023-03-10 15:00:00,0.801
2023-03-10 16:00:00,0.734
2023-03-10 17:00:00,0.868
2023-03-10 18:00:00,1.168
2023-03-10 19:00:00,1.736
2023-03-10 20:00:00,2.17
2023-03-10 21:00:00,1.936
2023-03-10 22:00:00,1.402
2023-03-10 23:00:00,0.935
2023-03-11 00:00:00,0.443
2023-03-11 01:00:00,0.354
2023-03-11 02:00:00,0.295
2023-03-11 03:00:00,0.266
2023-03-11 04:00:00,0.236
2023-03-11 05:00:00,0.266
2023-03-11 06:00:00,0.325
2023-03-11 07:00:00,0.738
2023-03-11 08:00:00,1.329
2023-03-11 09:00:00,1.033
2023-03-11 10:00:00,0.827
2023-03-11 11:00:00,0.65
2023-03-11 12:00:00,0.531
2023-03-11 13:00:00,0.945
2023-03-11 14:00:00,0.827
2023-03-11 15:00:00,0.709
2023-03-11 16:00:00,0.65
2023-03-11 17:00:00,0.768
2023-03-11 18:00:00,1.033
2023-03-11 19:00:00,1.535
2023-03-11 20:00:00,1.919
2023-03-11 21:00:00,1.712
2023-03-11 22:00:00,1.24
2023-03-11 23:00:00,0.827
2023-03-12 00:00:00,0.372
2023-03-12 01:00:00,0.298
2023-03-12 02:00:00,0.248
2023-03-12 03:00:00,0.223
2023-03-12 04:00:00,0.198
2023-03-12 05:00:00,0.223
2023-03-12 06:00:00,0.273
2023-03-12 07:00:00,0.62
2023-03-12 08:00:00,1.116
2023-03-12 09:00:00,0.868
2023-03-12 10:00:00,0.694
2023-03-12 11:00:00,0.546
2023-03-12 12:00:00,0.446
2023-03-12 13:00:00,0.793
2023-03-12 14:00:00,0.694
2023-03-12 15:00:00,0.595
2023-03-12 16:00:00,0.546
2023-03-12 17:00:00,0.645
2023-03-12 18:00:00,0.868
2023-03-12 19:00:00,1.289
2023-03-12 20:00:00,1.612
2023-03-12 21:00:00,1.438
2023-03-12 22:00:00,1.041
2023-03-12 23:00:00,0.694
2023-03-13 00:00:00,0.465
2023-03-13 01:00:00,0.372
2023-03-13 02:00:00,0.31
2023-03-13 03:00:00,0.279
2023-03-13 04:00:00,0.248
2023-03-13 05:00:00,0.279
2023-03-13 06:00:00,0.341
2023-03-13 07:00:00,0.774
2023-03-13 08:00:00,1.394
2023-03-13 09:00:00,1.084
2023-03-13 10:00:00,0.867
2023-03-13 11:00:00,0.682
2023-03-13 12:00:00,0.558
2023-03-13 13:00:00,0.991
2023-03-13 14:00:00,0.867
2023-03-13 15:00:00,0.743
2023-03-13 16:00:00,0.682
2023-03-13 17:00:00,0.805
2023-03-13 18:00:00,1.084
2023-03-13 19:00:00,1.611
2023-03-13 20:00:00,2.014
2023-03-13 21:00:00,1.797
2023-03-13 22:00:00,1.301
2023-03-13 23:00:00,0.867
2023-03-14 00:00:00,0.516
2023-03-14 01:00:00,0.413
2023-03-14 02:00:00,0.344
2023-03-14 03:00:00,0.31
2023-03-14 04:00:00,0.275
2023-03-14 05:00:00,0.31
2023-03-14 06:00:00,0.378
2023-03-14 07:00:00,0.86
2023-03-14 08:00:00,1.548
2023-03-14 09:00:00,1.204
2023-03-14 10:00:00,0.963
2023-03-14 11:00:00,0.757
2023-03-14 12:00:00,0.619
2023-03-14 13:00:00,1.101
2023-03-14 14:00:00,0.963
2023-03-14 15:00:00,0.825
2023-03-14 16:00:00,0.757
2023-03-14 17:00:00,0.894
2023-03-14 18:00:00,1.204
2023-03-14 19:00:00,1.789
2023-03-14 20:00:00,2.236
2023-03-14 21:00:00,1.995
2023-03-14 22:00:00,1.445
2023-03-14 23:00:00,0.963
2023-03-15 00:00:00,0.47
2023-03-15 01:00:00,0.376
2023-03-15 02:00:00,0.313
2023-03-15 03:00:00,0.282
2023-03-15 04:00:00,0.25
2023-03-15 05:00:00,0.282
2023-03-15 06:00:00,0.344
2023-03-15 07:00:00,0.783
2023-03-15 08:00:00,1.409
2023-03-15 09:00:00,1.096
2023-03-15 10:00:00,0.877
2023-03-15 11:00:00,0.689
2023-03-15 12:00:00,0.563
2023-03-15 13:00:00,1.002
2023-03-15 14:00:00,0.877
2023-03-15 15:00:00,0.751
2023-03-15 16:00:00,0.689
2023-03-15 17:00:00,0.814
2023-03-15 18:00:00,1.096
2023-03-15 19:00:00,1.628
2023-03-15 20:00:00,2.035
2023-03-15 21:00:00,1.816
2023-03-15 22:00:00,1.315
2023-03-15 23:00:00,0.877
2023-03-16 00:00:00,0.361
2023-03-16 01:00:00,0.289
2023-03-16 02:00:00,0.241
2023-03-16 03:00:00,0.217
2023-03-16 04:00:00,0.193
2023-03-16 05:00:00,0.217
2023-03-16 06:00:00,0.265
2023-03-16 07:00:00,0.602
2023-03-16 08:00:00,1.083
2023-03-16 09:00:00,0.842
2023-03-16 10:00:00,0.674
2023-03-16 11:00:00,0.529
2023-03-16 12:00:00,0.433
2023-03-16 13:00:00,0.77
2023-03-16 14:00:00,0.674
2023-03-16 15:00:00,0.578
2023-03-16 16:00:00,0.529
2023-03-16 17:00:00,0.626
2023-03-16 18:00:00,0.842
2023-03-16 19:00:00,1.251
2023-03-16 20:00:00,1.564
2023-03-16 21:00:00,1.396
2023-03-16 22:00:00,1.011
2023-03-16 23:00:00,0.674
2023-03-17 00:00:00,0.405
2023-03-17 01:00:00,0.324
2023-03-17 02:00:00,0.27
2023-03-17 03:00:00,0.243
2023-03-17 04:00:00,0.216
2023-03-17 05:00:00,0.243
2023-03-17 06:00:00,0.297
2023-03-17 07:00:00,0.675
2023-03-17 08:00:00,1.215
2023-03-17 09:00:00,0.945
2023-03-17 10:00:00,0.756
2023-03-17 11:00:00,0.594
2023-03-17 12:00:00,0.486
2023-03-17 13:00:00,0.864
2023-03-17 14:00:00,0.756
2023-03-17 15:00:00,0.648
2023-03-17 16:00:00,0.594
2023-03-17 17:00:00,0.702
2023-03-17 18:00:00,0.945
2023-03-17 19:00:00,1.404
2023-03-17 20:00:00,1.755
2023-03-17 21:00:00,1.566
2023-03-17 22:00:00,1.134
2023-03-17 23:00:00,0.756
2023-03-18 00:00:00,0.48
2023-03-18 01:00:00,0.384
2023-03-18 02:00:00,0.32
2023-03-18 03:00:00,0.288
2023-03-18 04:00:00,0.256
2023-03-18 05:00:00,0.288
2023-03-18 06:00:00,0.352
2023-03-18 07:00:00,0.799
2023-03-18 08:00:00,1.439
2023-03-18 09:00:00,1.119
2023-03-18 10:00:00,0.895
2023-03-18 11:00:00,0.703
2023-03-18 12:00:00,0.575
2023-03-18 13:00:00,1.023
2023-03-18 14:00:00,0.895
2023-03-18 15:00:00,0.767
2023-03-18 16:00:00,0.703
2023-03-18 17:00:00,0.831
2023-03-18 18:00:00,1.119
2023-03-18 19:00:00,1.662
2023-03-18 20:00:00,2.078
2023-03-18 21:00:00,1.854
2023-03-18 22:00:00,1.343
2023-03-18 23:00:00,0.895
2023-03-19 00:00:00,0.395
2023-03-19 01:00:00,0.316
2023-03-19 02:00:00,0.264
2023-03-19 03:00:00,0.237
2023-03-19 04:00:00,0.211
2023-03-19 05:00:00,0.237
2023-03-19 06:00:00,0.29
2023-03-19 07:00:00,0.659
2023-03-19 08:00:00,1.186
2023-03-19 09:00:00,0.923
2023-03-19 10:00:00,0.738
2023-03-19 11:00:00,0.58
2023-03-19 12:00:00,0.475
2023-03-19 13:00:00,0.844
2023-03-19 14:00:00,0.738
2023-03-19 15:00:00,0.633
2023-03-19 16:00:00,0.58
2023-03-19 17:00:00,0.686
2023-03-19 18:00:00,0.923
2023-03-19 19:00:00,1.371
2023-03-19 20:00:00,1.714
2023-03-19 21:00:00,1.529
2023-03-19 22:00:00,1.107
2023-03-19 23:00:00,0.738
2023-03-20 00:00:00,0.445
2023-03-20 01:00:00,0.356
2023-03-20 02:00:00,0.296
2023-03-20 03:00:00,0.267
2023-03-20 04:00:00,0.237
2023-03-20 05:00:00,0.267
2023-03-20 06:00:00,0.326
2023-03-20 07:00:00,0.741
2023-03-20 08:00:00,1.334
2023-03-20 09:00:00,1.037
2023-03-20 10:00:00,0.83
2023-03-20 11:00:00,0.652
2023-03-20 12:00:00,0.533
2023-03-20 13:00:00,0.948
2023-03-20 14:00:00,0.83
2023-03-20 15:00:00,0.711
2023-03-20 16:00:00,0.652
2023-03-20 17:00:00,0.77
2023-03-20 18:00:00,1.037
2023-03-20 19:00:00,1.541
2023-03-20 20:00:00,1.926
2023-03-20 21:00:00,1.719
2023-03-20 22:00:00,1.245
2023-03-20 23:00:00,0.83
2023-03-21 00:00:00,0.459
2023-03-21 01:00:00,0.367
2023-03-21 02:00:00,0.306
2023-03-21 03:00:00,0.275
2023-03-21 04:00:00,0.245
2023-03-21 05:00:00,0.275
2023-03-21 06:00:00,0.336
2023-03-21 07:00:00,0.764
2023-03-21 08:00:00,1.376
2023-03-21 09:00:00,1.07
2023-03-21 10:00:00,0.856
2023-03-21 11:00:00,0.673
2023-03-21 12:00:00,0.55
2023-03-21 13:00:00,0.978
2023-03-21 14:00:00,0.856
2023-03-21 15:00:00,0.734
2023-03-21 16:00:00,0.673
2023-03-21 17:00:00,0.795
2023-03-21 18:00:00,1.07
2023-03-21 19:00:00,1.59
2023-03-21 20:00:00,1.987
2023-03-21 21:00:00,1.773
2023-03-21 22:00:00,1.284
2023-03-21 23:00:00,0.856
2023-03-22 00:00:00,0.386
2023-03-22 01:00:00,0.309
2023-03-22 02:00:00,0.257
2023-03-22 03:00:00,0.232
2023-03-22 04:00:00,0.206
2023-03-22 05:00:00,0.232
2023-03-22 06:00:00,0.283
2023-03-22 07:00:00,0.644
2023-03-22 08:00:00,1.158
2023-03-22 09:00:00,0.901
2023-03-22 10:00:00,0.721
2023-03-22 11:00:00,0.566
2023-03-22 12:00:00,0.463
2023-03-22 13:00:00,0.824
2023-03-22 14:00:00,0.721
2023-03-22 15:00:00,0.618
2023-03-22 16:00:00,0.566
2023-03-22 17:00:00,0.669
2023-03-22 18:00:00,0.901
2023-03-22 19:00:00,1.339
2023-03-22 20:00:00,1.673
2023-03-22 21:00:00,1.493
2023-03-22 22:00:00,1.081
2023-03-22 23:00:00,0.721
2023-03-23 00:00:00,0.423
2023-03-23 01:00:00,0.338
2023-03-23 02:00:00,0.282
2023-03-23 03:00:00,0.254
2023-03-23 04:00:00,0.226
2023-03-23 05:00:00,0.254
2023-03-23 06:00:00,0.31
2023-03-23 07:00:00,0.705
2023-03-23 08:00:00,1.269
2023-03-23 09:00:00,0.987
2023-03-23 10:00:00,0.79
2023-03-23 11:00:00,0.621
2023-03-23 12:00:00,0.508
2023-03-23 13:00:00,0.903
2023-03-23 14:00:00,0.79
2023-03-23 15:00:00,0.677
2023-03-23 16:00:00,0.621
2023-03-23 17:00:00,0.733
2023-03-23 18:00:00,0.987
2023-03-23 19:00:00,1.467
2023-03-23 20:00:00,1.833
2023-03-23 21:00:00,1.636
2023-03-23 22:00:00,1.185
2023-03-23 23:00:00,0.79
2023-03-24 00:00:00,0.288
2023-03-24 01:00:00,0.23
2023-03-24 02:00:00,0.192
2023-03-24 03:00:00,0.173
2023-03-24 04:00:00,0.153
2023-03-24 05:00:00,0.173
2023-03-24 06:00:00,0.211
2023-03-24 07:00:00,0.479
2023-03-24 08:00:00,0.863
2023-03-24 09:00:00,0.671
2023-03-24 10:00:00,0.537
2023-03-24 11:00:00,0.422
2023-03-24 12:00:00,0.345
2023-03-24 13:00:00,0.614
2023-03-24 14:00:00,0.537
2023-03-24 15:00:00,0.46
2023-03-24 16:00:00,0.422
2023-03-24 17:00:00,0.499
2023-03-24 18:00:00,0.671
2023-03-24 19:00:00,0.997
2023-03-24 20:00:00,1.247
2023-03-24 21:00:00,1.112
2023-03-24 22:00:00,0.805
2023-03-24 23:00:00,0.537
2023-03-25 00:00:00,0.382
2023-03-25 01:00:00,0.306
2023-03-25 02:00:00,0.255
2023-03-25 03:00:00,0.229
2023-03-25 04:00:00,0.204
2023-03-25 05:00:00,0.229
2023-03-25 06:00:00,0.28
2023-03-25 07:00:00,0.637
2023-03-25 08:00:00,1.146
2023-03-25 09:00:00,0.891
2023-03-25 10:00:00,0.713
2023-03-25 11:00:00,0.56
2023-03-25 12:00:00,0.458
2023-03-25 13:00:00,0.815
2023-03-25 14:00:00,0.713
2023-03-25 15:00:00,0.611
2023-03-25 16:00:00,0.56
2023-03-25 17:00:00,0.662
2023-03-25 18:00:00,0.891
2023-03-25 19:00:00,1.324
2023-03-25 20:00:00,1.655
2023-03-25 21:00:00,1.477
2023-03-25 22:00:00,1.07
2023-03-25 23:00:00,0.713
2023-03-26 00:00:00,0.415
2023-03-26 01:00:00,0.332
2023-03-26 02:00:00,0.277
2023-03-26 03:00:00,0.249
2023-03-26 04:00:00,0.221
2023-03-26 05:00:00,0.249
2023-03-26 06:00:00,0.304
2023-03-26 07:00:00,0.691
2023-03-26 08:00:00,1.245
2023-03-26 09:00:00,0.968
2023-03-26 10:00:00,0.774
2023-03-26 11:00:00,0.608
2023-03-26 12:00:00,0.498
2023-03-26 13:00:00,0.885
2023-03-26 14:00:00,0.774
2023-03-26 15:00:00,0.664
2023-03-26 16:00:00,0.608
2023-03-26 17:00:00,0.719
2023-03-26 18:00:00,0.968
2023-03-26 19:00:00,1.438
2023-03-26 20:00:00,1.798
2023-03-26 21:00:00,1.604
2023-03-26 22:00:00,1.162
2023-03-26 23:00:00,0.774
2023-03-27 00:00:00,0.373
2023-03-27 01:00:00,0.298
2023-03-27 02:00:00,0.248
2023-03-27 03:00:00,0.224
2023-03-27 04:00:00,0.199
2023-03-27 05:00:00,0.224
2023-03-27 06:00:00,0.273
2023-03-27 07:00:00,0.621
2023-03-27 08:00:00,1.118
2023-03-27 09:00:00,0.869
2023-03-27 10:00:00,0.695
2023-03-27 11:00:00,0.546
2023-03-27 12:00:00,0.447
2023-03-27 13:00:00,0.795
2023-03-27 14:00:00,0.695
2023-03-27 15:00:00,0.596
2023-03-27 16:00:00,0.546
2023-03-27 17:00:00,0.646
2023-03-27 18:00:00,0.869
2023-03-27 19:00:00,1.291
2023-03-27 20:00:00,1.614
2023-03-27 21:00:00,1.44
2023-03-27 22:00:00,1.043
2023-03-27 23:00:00,0.695
2023-03-28 00:00:00,0.495
2023-03-28 01:00:00,0.396
2023-03-28 02:00:00,0.33
2023-03-28 03:00:00,0.297
2023-03-28 04:00:00,0.264
2023-03-28 05:00:00,0.297
2023-03-28 06:00:00,0.363
2023-03-28 07:00:00,0.825
2023-03-28 08:00:00,1.485
2023-03-28 09:00:00,1.155
2023-03-28 10:00:00,0.924
2023-03-28 11:00:00,0.726
2023-03-28 12:00:00,0.594
2023-03-28 13:00:00,1.056
2023-03-28 14:00:00,0.924
2023-03-28 15:00:00,0.792
2023-03-28 16:00:00,0.726
2023-03-28 17:00:00,0.858
2023-03-28 18:00:00,1.155
2023-03-28 19:00:00,1.716
2023-03-28 20:00:00,2.145
2023-03-28 21:00:00,1.914
2023-03-28 22:00:00,1.386
2023-03-28 23:00:00,0.924
2023-03-29 00:00:00,0.365
2023-03-29 01:00:00,0.292
2023-03-29 02:00:00,0.243
2023-03-29 03:00:00,0.219
2023-03-29 04:00:00,0.195
2023-03-29 05:00:00,0.219
2023-03-29 06:00:00,0.267
2023-03-29 07:00:00,0.608
2023-03-29 08:00:00,1.094
2023-03-29 09:00:00,0.851
2023-03-29 10:00:00,0.681
2023-03-29 11:00:00,0.535
2023-03-29 12:00:00,0.438
2023-03-29 13:00:00,0.778
2023-03-29 14:00:00,0.681
2023-03-29 15:00:00,0.584
2023-03-29 16:00:00,0.535
2023-03-29 17:00:00,0.632
2023-03-29 18:00:00,0.851
2023-03-29 19:00:00,1.264
2023-03-29 20:00:00,1.581
2023-03-29 21:00:00,1.41
2023-03-29 22:00:00,1.021
2023-03-29 23:00:00,0.681
2023-03-30 00:00:00,0.407
2023-03-30 01:00:00,0.326
2023-03-30 02:00:00,0.271
2023-03-30 03:00:00,0.244
2023-03-30 04:00:00,0.217
2023-03-30 05:00:00,0.244
2023-03-30 06:00:00,0.298
2023-03-30 07:00:00,0.678
2023-03-30 08:00:00,1.221
2023-03-30 09:00:00,0.949
2023-03-30 10:00:00,0.76
2023-03-30 11:00:00,0.597
2023-03-30 12:00:00,0.488
2023-03-30 13:00:00,0.868
2023-03-30 14:00:00,0.76
2023-03-30 15:00:00,0.651
2023-03-30 16:00:00,0.597
2023-03-30 17:00:00,0.705
2023-03-30 18:00:00,0.949
2023-03-30 19:00:00,1.411
2023-03-30 20:00:00,1.763
2023-03-30 21:00:00,1.573
2023-03-30 22:00:00,1.139
2023-03-30 23:00:00,0.76
2023-03-31 00:00:00,0.431
2023-03-31 01:00:00,0.345
2023-03-31 02:00:00,0.287
2023-03-31 03:00:00,0.259
2023-03-31 04:00:00,0.23
2023-03-31 05:00:00,0.259
2023-03-31 06:00:00,0.316
2023-03-31 07:00:00,0.719
2023-03-31 08:00:00,1.294
2023-03-31 09:00:00,1.006
2023-03-31 10:00:00,0.805
2023-03-31 11:00:00,0.632
2023-03-31 12:00:00,0.517
2023-03-31 13:00:00,0.92
2023-03-31 14:00:00,0.805
2023-03-31 15:00:00,0.69
2023-03-31 16:00:00,0.632
2023-03-31 17:00:00,0.747
2023-03-31 18:00:00,1.006
2023-03-31 19:00:00,1.495
2023-03-31 20:00:00,1.868
2023-03-31 21:00:00,1.667
2023-03-31 22:00:00,1.207
2023-03-31 23:00:00,0.805
