[
  {
    "idActivoGeneracion": 6,
    "nombreDescriptivo": "Instalación Solar Comunitaria Tejado A",
    "tipo_activo": "Instalación Fotovoltaica",
    "potenciaNominal_kWp": 45.0,
    "latitud": 39.4699,
    "longitud": -0.3763,
    "azimutGrados": 180.0,
    "inclinacionGrados": 35.0,
    "tecnologiaPanel": "crystSi",
    "perdidaSistema": 14.0,
    "posicionMontaje": "fijo",
    "curvaPotencia": null,
    "fechaInstalacion": "2025-06-02",
    "costeInstalacion_eur": 45000.0,
    "vidaUtil_anios": 25,
    "idComunidadEnergetica": 2
  }
]