[
  {
    "idCoeficienteReparto": 3,
    "tipoReparto": "Reparto Fijo",
    "parametros": {
      "valor": 4.6
    },
    "idParticipante": 3
  },
  {
    "idCoeficienteReparto": 4,
    "tipoReparto": "Reparto Fijo",
    "parametros": {
      "valor": 6.9
    },
    "idParticipante": 4
  },
  {
    "idCoeficienteReparto": 5,
    "tipoReparto": "Reparto Fijo",
    "parametros": {
      "valor": 9.3
    },
    "idParticipante": 5
  },
  {
    "idCoeficienteReparto": 6,
    "tipoReparto": "Reparto Fijo",
    "parametros": {
      "valor": 17.1
    },
    "idParticipante": 6
  },
  {
    "idCoeficienteReparto": 7,
    "tipoReparto": "Reparto Fijo",
    "parametros": {
      "valor": 26.4
    },
    "idParticipante": 7
  },
  {
    "idCoeficienteReparto": 8,
    "tipoReparto": "Reparto Fijo",
    "parametros": {
      "valor": 35.7
    },
    "idParticipante": 8
  }
]