[
  {
    "idContrato": 3,
    "tipoContrato": "Precio Fijo",
    "precioEnergiaImportacion_eur_kWh": 0.25,
    "precioCompensacionExcedentes_eur_kWh": 0.05,
    "potenciaContratada_kW": 4.6,
    "precioPotenciaContratado_eur_kWh": 0.103,
    "idParticipante": 3
  },
  {
    "idContrato": 4,
    "tipoContrato": "Precio Fijo",
    "precioEnergiaImportacion_eur_kWh": 0.26,
    "precioCompensacionExcedentes_eur_kWh": 0.05,
    "potenciaContratada_kW": 5.75,
    "precioPotenciaContratado_eur_kWh": 0.103,
    "idParticipante": 4
  },
  {
    "idContrato": 5,
    "tipoContrato": "Precio Fijo",
    "precioEnergiaImportacion_eur_kWh": 0.24,
    "precioCompensacionExcedentes_eur_kWh": 0.05,
    "potenciaContratada_kW": 6.9,
    "precioPotenciaContratado_eur_kWh": 0.103,
    "idParticipante": 5
  },
  {
    "idContrato": 6,
    "tipoContrato": "Precio Fijo",
    "precioEnergiaImportacion_eur_kWh": 0.22,
    "precioCompensacionExcedentes_eur_kWh": 0.05,
    "potenciaContratada_kW": 15.0,
    "precioPotenciaContratado_eur_kWh": 0.096,
    "idParticipante": 6
  },
  {
    "idContrato": 7,
    "tipoContrato": "Precio Fijo",
    "precioEnergiaImportacion_eur_kWh": 0.21,
    "precioCompensacionExcedentes_eur_kWh": 0.05,
    "potenciaContratada_kW": 20.0,
    "precioPotenciaContratado_eur_kWh": 0.096,
    "idParticipante": 7
  },
  {
    "idContrato": 8,
    "tipoContrato": "Precio Fijo",
    "precioEnergiaImportacion_eur_kWh": 0.18,
    "precioCompensacionExcedentes_eur_kWh": 0.05,
    "potenciaContratada_kW": 30.0,
    "precioPotenciaContratado_eur_kWh": 0.089,
    "idParticipante": 8
  }
]