[
  {
    "idParticipante": 3,
    "nombre": "Familia Martínez",
    "idComunidadEnergetica": 2
  },
  {
    "idParticipante": 4,
    "nombre": "Familia Rodríguez",
    "idComunidadEnergetica": 2
  },
  {
    "idParticipante": 5,
    "nombre": "Familia López",
    "idComunidadEnergetica": 2
  },
  {
    "idParticipante": 6,
    "nombre": "Panadería El Trigal",
    "idComunidadEnergetica": 2
  },
  {
    "idParticipante": 7,
    "nombre": "Oficinas TechSol",
    "idComunidadEnergetica": 2
  },
  {
    "idParticipante": 8,
    "nombre": "Taller AutoMecánica",
    "idComunidadEnergetica": 2
  }
]